,strategy,sharpe,cagr,max_dd,turnover
gru (long_flat),long_flat,0.8219170586534154,0.2560805226804075,-0.5438741292339411,0.12197973499610289
elastic_net (long_short),long_short,0.8046678528875336,0.34861500156897085,-0.7663456370856903,0.0
elastic_net (long_flat),long_flat,0.8046678528875336,0.34861500156897085,-0.7663456370856903,0.0
lasso (long_flat),long_flat,0.8046678528875336,0.34861500156897085,-0.7663456370856903,0.0
Buy & hold (benchmark),long,0.8046678528875336,0.34861500156897085,-0.7663456370856903,0.0
lasso (long_short),long_short,0.8046678528875336,0.34861500156897085,-0.7663456370856903,0.0
svr (long_flat),long_flat,0.7901564701627837,0.29265624029276305,-0.5844322887993989,0.08768511301636789
random_forest (long_flat),long_flat,0.6824186965963728,0.18186877396393153,-0.5601710006898972,0.17069368667186283
mlp (long_flat),long_flat,0.6510769417805679,0.20078873727102642,-0.5704498391844539,0.04676539360872954
lstm_attention (long_flat),long_flat,0.5838095380428648,0.16924430452867956,-0.5946496026838308,0.019095869056897894
lightgbm (long_flat),long_flat,0.5642106932007239,0.1652128778031008,-0.7077967391477673,0.08067030397505846
cnn1d (long_flat),long_flat,0.5153628906023406,0.13724323287763696,-0.627563220780565,0.020654715510522212
lag_one_linear (long_flat),long_flat,0.5114175298942057,0.1361614724728084,-0.820199973766718,0.20966484801247076
svr (long_short),long_short,0.40283673468437836,0.06685548449017875,-0.9430884771031517,0.17537022603273578
lstm (long_flat),long_flat,0.36581065169506555,0.06349169294503176,-0.5489971147023003,0.10171473109898675
bayesian_ridge (long_flat),long_flat,0.35122947590784004,0.06269007711025165,-0.7038925092340829,0.12353858144972721
catboost (long_flat),long_flat,0.3247703822289825,0.0342994846300424,-0.7229383795907156,0.11184723304754482
cnn_lstm (long_flat),long_flat,0.25871126269667566,0.02252747140127309,-0.5536110109851318,0.10288386593920498
prophet (long_flat),long_flat,0.251332352287311,0.01687584076410742,-0.7133756585897247,0.25993764614185505
bilstm (long_flat),long_flat,0.24856715656522566,0.017820308807457552,-0.7085544064377727,0.10054559625876851
transformer (long_flat),long_flat,0.22820310364232324,0.021662020099566748,-0.5905183691574617,0.010911925175370226
gru (long_short),long_short,0.1668047628855815,-0.07336110673930141,-0.8380682679767077,0.24395946999220577
gradient_boosting (long_flat),long_flat,0.1492115948897485,-0.006298876368607043,-0.622377935908232,0.16017147310989868
ridge (long_flat),long_flat,0.1489817436686328,-0.011820992074663583,-0.7426672871444564,0.14380358534684334
holt_winters (long_flat),long_flat,0.14326232361723903,-0.029068458797961494,-0.7185358095700158,0.0011691348402182386
lag_one_linear (long_short),long_short,0.12802063827750806,-0.09895275716677931,-0.9190298553328032,0.4193296960249415
extra_trees (long_flat),long_flat,0.09696972748880969,-0.03138017507692192,-0.5889550284305357,0.19329696024941542
mlp (long_short),long_short,0.08779648184542296,-0.1161513011208668,-0.8470873266870503,0.09353078721745908
xgboost (long_flat),long_flat,0.08367760747309584,-0.052832529358677105,-0.808449309484425,0.052611067809820736
auto_arima (long_short),long_short,0.06921067926692745,-0.057695819260147885,-0.7745673550979766,0.15705378020265004
lightgbm (long_short),long_short,0.04786118220072787,-0.13744282511336148,-0.9354086661762053,0.16134060795011693
lstm_attention (long_short),long_short,0.04607217941705237,-0.1420765749243832,-0.8359146322267492,0.03819173811379579
cnn1d (long_short),long_short,-0.0076494600021521164,-0.16899247245530824,-0.8138635448717262,0.041309431021044424
auto_arima (long_flat),long_flat,-0.013809994516322463,-0.0652729048696824,-0.664258726455295,0.07911145752143414
adaboost (long_flat),long_flat,-0.015551703795279224,-0.07486259576659926,-0.7265348698349089,0.1710833982852689
decision_tree (long_flat),long_flat,-0.04034060643800462,-0.09313229507768939,-0.6449523841751051,0.28098207326578334
random_forest (long_short),long_short,-0.07498979623337623,-0.19749885021381852,-0.9736115102375077,0.34138737334372565
huber (long_flat),long_flat,-0.0990416599847741,-0.11029235956020045,-0.7966294862517398,0.1652377240841777
linear (long_flat),long_flat,-0.1805034141264242,-0.1364897877394191,-0.7868103843635941,0.1523772408417771
knn (long_flat),long_flat,-0.2079155556668456,-0.15995814482640813,-0.8184714954220642,0.28332034294621977
catboost (long_short),long_short,-0.25215868724285406,-0.28207773447023243,-0.9707231105965894,0.22369446609508964
lstm (long_short),long_short,-0.27754776482546095,-0.2935870377088414,-0.9542118063417209,0.2034294621979735
tcn (long_flat),long_flat,-0.3566882071347488,-0.18409976222256108,-0.8583332520367202,0.13016367887763056
bayesian_ridge (long_short),long_short,-0.4408950176054191,-0.35590690720337803,-0.9700701613068183,0.24707716289945442
prophet (long_short),long_short,-0.4450634396232193,-0.3577852333252536,-0.9732373715448375,0.5198752922837101
bilstm (long_short),long_short,-0.4599231909497767,-0.3629703095179352,-0.9789394226307134,0.20109119251753702
cnn_lstm (long_short),long_short,-0.47023075538991627,-0.37006332216892235,-0.9822781049038124,0.20576773187840997
transformer (long_short),long_short,-0.5585673760194587,-0.3997725625705659,-0.9848994022542971,0.021823850350740453
holt_winters (long_short),long_short,-0.6007362790196378,-0.41436703975353184,-0.9931288156773044,0.002338269680436477
ridge (long_short),long_short,-0.6218278632887058,-0.4215616181302927,-0.992474478321851,0.2876071706936867
gradient_boosting (long_short),long_short,-0.6357702778794881,-0.42666309565159455,-0.9917078014356304,0.32034294621979736
xgboost (long_short),long_short,-0.6858339698204041,-0.44373912567196383,-0.9941804195390644,0.10522213561964147
extra_trees (long_short),long_short,-0.6893478347784647,-0.4473224694862441,-0.9914660151683282,0.38659392049883085
adaboost (long_short),long_short,-0.8238651304574158,-0.48739746047997135,-0.9931965987904331,0.3421667965705378
decision_tree (long_short),long_short,-0.8579128947518511,-0.5002024195889838,-0.9953728937029119,0.5619641465315667
huber (long_short),long_short,-0.9330721415066152,-0.522116958618992,-0.9961330375327684,0.3304754481683554
linear (long_short),long_short,-1.0363335668844897,-0.5510800923232371,-0.9967789176732749,0.3047544816835542
rnn (long_flat),long_flat,-1.0719858158805715,-0.3519101020870581,-0.9622280653136007,0.18511301636788777
knn (long_short),long_short,-1.093780753276928,-0.5652864993626529,-0.9985197084737685,0.5666406858924395
tcn (long_short),long_short,-1.2481729477758312,-0.6034764129585868,-0.9992951938119062,0.2603273577552611
rnn (long_short),long_short,-2.049939918320562,-0.7544108391818278,-0.9999639061105957,0.37022603273577553
