fold,lag_one_linear,buy_and_hold,auto_arima,mean_return,elastic_net,lasso,catboost,holt_winters,lightgbm,prophet,xgboost,adaboost,bayesian_ridge,knn,svr,random_forest,extra_trees,transformer,cnn_lstm,huber,tcn,gradient_boosting,ridge,linear,lstm_attention,decision_tree,bilstm,lstm,rnn,gru,cnn1d,mlp
0.0,0.4696969696969697,0.46464646464646464,0.0,0.46464646464646464,0.46464646464646464,0.46464646464646464,0.5,0.5353535353535354,0.5353535353535354,0.4797979797979798,0.5202020202020202,0.4898989898989899,0.5252525252525253,0.47474747474747475,0.5555555555555556,0.5454545454545454,0.5303030303030303,0.5404040404040404,0.5353535353535354,0.4898989898989899,0.4595959595959596,0.5353535353535354,0.5404040404040404,0.494949494949495,0.47474747474747475,0.494949494949495,0.4494949494949495,0.45454545454545453,0.47474747474747475,0.51010101010101,0.5,0.5303030303030303
1.0,0.5707070707070707,0.5656565656565656,0.0,0.5656565656565656,0.5656565656565656,0.5656565656565656,0.45454545454545453,0.43434343434343436,0.4393939393939394,0.5656565656565656,0.4595959595959596,0.4494949494949495,0.5151515151515151,0.4797979797979798,0.5404040404040404,0.4898989898989899,0.48484848484848486,0.46464646464646464,0.5454545454545454,0.5,0.4696969696969697,0.5050505050505051,0.5404040404040404,0.5202020202020202,0.5050505050505051,0.45454545454545453,0.4595959595959596,0.43434343434343436,0.4292929292929293,0.43434343434343436,0.4444444444444444,0.4898989898989899
2.0,0.5555555555555556,0.5606060606060606,0.0,0.5606060606060606,0.5606060606060606,0.5606060606060606,0.4696969696969697,0.4393939393939394,0.4444444444444444,0.5252525252525253,0.42424242424242425,0.45454545454545453,0.4494949494949495,0.47474747474747475,0.5353535353535354,0.4393939393939394,0.4393939393939394,0.4393939393939394,0.46464646464646464,0.47474747474747475,0.4696969696969697,0.4444444444444444,0.4696969696969697,0.4595959595959596,0.5606060606060606,0.4444444444444444,0.45454545454545453,0.5252525252525253,0.4444444444444444,0.51010101010101,0.5151515151515151,0.5454545454545454
3.0,0.4898989898989899,0.5202020202020202,0.5202020202020202,0.5202020202020202,0.5202020202020202,0.5202020202020202,0.4797979797979798,0.5202020202020202,0.5050505050505051,0.5353535353535354,0.5151515151515151,0.51010101010101,0.4696969696969697,0.43434343434343436,0.5202020202020202,0.4898989898989899,0.5151515151515151,0.47474747474747475,0.48484848484848486,0.4797979797979798,0.4898989898989899,0.4444444444444444,0.4696969696969697,0.46464646464646464,0.4898989898989899,0.48484848484848486,0.5050505050505051,0.5151515151515151,0.46464646464646464,0.4797979797979798,0.48484848484848486,0.4797979797979798
4.0,0.4595959595959596,0.5,0.5,0.5,0.5,0.5,0.5,0.5,0.494949494949495,0.51010101010101,0.41414141414141414,0.46464646464646464,0.47474747474747475,0.5303030303030303,0.5,0.5505050505050505,0.5555555555555556,0.51010101010101,0.5252525252525253,0.47474747474747475,0.48484848484848486,0.51010101010101,0.5050505050505051,0.5252525252525253,0.47474747474747475,0.5353535353535354,0.4898989898989899,0.46464646464646464,0.398989898989899,0.4898989898989899,0.5151515151515151,0.5
5.0,0.43434343434343436,0.43434343434343436,0.48484848484848486,0.43434343434343436,0.43434343434343436,0.43434343434343436,0.42424242424242425,0.5202020202020202,0.4696969696969697,0.51010101010101,0.41414141414141414,0.41414141414141414,0.4696969696969697,0.5303030303030303,0.4090909090909091,0.494949494949495,0.4696969696969697,0.43434343434343436,0.5151515151515151,0.45454545454545453,0.4797979797979798,0.46464646464646464,0.45454545454545453,0.47474747474747475,0.5404040404040404,0.4494949494949495,0.4393939393939394,0.5707070707070707,0.45454545454545453,0.5454545454545454,0.5505050505050505,0.45454545454545453
6.0,0.48223350253807107,0.49746192893401014,0.0,0.49746192893401014,0.49746192893401014,0.49746192893401014,0.4873096446700508,0.5025380710659898,0.5076142131979695,0.49238578680203043,0.48223350253807107,0.5736040609137056,0.4873096446700508,0.5228426395939086,0.5532994923857868,0.4619289340101523,0.5126903553299492,0.5177664974619289,0.4873096446700508,0.47715736040609136,0.5177664974619289,0.49746192893401014,0.5126903553299492,0.5025380710659898,0.5126903553299492,0.5532994923857868,0.4619289340101523,0.5431472081218274,0.467005076142132,0.4619289340101523,0.467005076142132,0.4873096446700508
7.0,0.49238578680203043,0.4873096446700508,0.0,0.4873096446700508,0.4873096446700508,0.4873096446700508,0.4873096446700508,0.5126903553299492,0.4619289340101523,0.5025380710659898,0.49746192893401014,0.5126903553299492,0.5329949238578681,0.4720812182741117,0.5025380710659898,0.5329949238578681,0.49746192893401014,0.4873096446700508,0.5025380710659898,0.5532994923857868,0.5228426395939086,0.5532994923857868,0.5177664974619289,0.48223350253807107,0.49238578680203043,0.4873096446700508,0.5482233502538071,0.5025380710659898,0.4365482233502538,0.5177664974619289,0.49238578680203043,0.47715736040609136
8.0,0.49238578680203043,0.5228426395939086,0.0,0.5228426395939086,0.5228426395939086,0.5228426395939086,0.5076142131979695,0.5228426395939086,0.5177664974619289,0.5279187817258884,0.5228426395939086,0.5380710659898477,0.5228426395939086,0.5126903553299492,0.4720812182741117,0.49746192893401014,0.5177664974619289,0.47715736040609136,0.5076142131979695,0.49746192893401014,0.4873096446700508,0.5329949238578681,0.47715736040609136,0.5025380710659898,0.5279187817258884,0.5076142131979695,0.5583756345177665,0.5279187817258884,0.5126903553299492,0.5177664974619289,0.5228426395939086,0.5279187817258884
9.0,0.5177664974619289,0.5228426395939086,0.5279187817258884,0.5228426395939086,0.5228426395939086,0.5228426395939086,0.5177664974619289,0.5228426395939086,0.5279187817258884,0.4720812182741117,0.5228426395939086,0.4720812182741117,0.5177664974619289,0.4467005076142132,0.5126903553299492,0.5177664974619289,0.5025380710659898,0.47715736040609136,0.47715736040609136,0.5228426395939086,0.5025380710659898,0.49746192893401014,0.5076142131979695,0.5177664974619289,0.5380710659898477,0.47715736040609136,0.5076142131979695,0.467005076142132,0.49238578680203043,0.6091370558375635,0.4720812182741117,0.5025380710659898
10.0,0.5076142131979695,0.5025380710659898,0.5025380710659898,0.5025380710659898,0.5025380710659898,0.5025380710659898,0.5025380710659898,0.5025380710659898,0.5177664974619289,0.4720812182741117,0.5025380710659898,0.4619289340101523,0.49238578680203043,0.47715736040609136,0.5076142131979695,0.5431472081218274,0.5532994923857868,0.49238578680203043,0.5126903553299492,0.5431472081218274,0.49746192893401014,0.5025380710659898,0.5076142131979695,0.5025380710659898,0.4873096446700508,0.5431472081218274,0.48223350253807107,0.5126903553299492,0.5380710659898477,0.5076142131979695,0.5025380710659898,0.49746192893401014
11.0,0.48223350253807107,0.48223350253807107,0.48223350253807107,0.48223350253807107,0.48223350253807107,0.48223350253807107,0.4517766497461929,0.48223350253807107,0.5431472081218274,0.4873096446700508,0.4873096446700508,0.4365482233502538,0.48223350253807107,0.45685279187817257,0.4517766497461929,0.5431472081218274,0.48223350253807107,0.5228426395939086,0.48223350253807107,0.48223350253807107,0.47715736040609136,0.48223350253807107,0.45685279187817257,0.4720812182741117,0.5329949238578681,0.5126903553299492,0.4365482233502538,0.49746192893401014,0.48223350253807107,0.4873096446700508,0.5583756345177665,0.467005076142132
12.0,0.48223350253807107,0.49238578680203043,0.49238578680203043,0.49238578680203043,0.49238578680203043,0.49238578680203043,0.5076142131979695,0.49238578680203043,0.5076142131979695,0.5279187817258884,0.49238578680203043,0.5076142131979695,0.5228426395939086,0.5228426395939086,0.5228426395939086,0.5380710659898477,0.4720812182741117,0.4619289340101523,0.467005076142132,0.5126903553299492,0.5634517766497462,0.47715736040609136,0.5126903553299492,0.5126903553299492,0.5076142131979695,0.5279187817258884,0.5736040609137056,0.5126903553299492,0.5177664974619289,0.5177664974619289,0.48223350253807107,0.45685279187817257
