,family,rmse,mae,r2_os,dir_acc,n_dir,binom_p,dm_stat,dm_p,dm_p_holm,binom_p_holm
buy_and_hold,Baseline,0.08376343810269932,0.058795385426890466,0.00017015854433377609,0.5283092541975791,2561,,-1.6578697972395307,0.09734374950746916,0.5840624970448149,
naive_zero,Baseline,0.08377056554465656,0.058800952294710496,0.0,,0,,,,,
catboost,Gradient boosting,0.08400219013101826,0.05929137972834305,-0.005537620629011197,0.5080046856696603,2561,,0.7911978342343171,0.4288285551282516,1.0,
mean_return,Baseline,0.08401319356419484,0.059120755456370244,-0.005801068300021361,0.5283092541975791,2561,,0.50865757894641,0.6109922619134327,1.0,
lasso,Linear,0.08401319356419484,0.059120755456370244,-0.005801068300021361,0.5283092541975791,2561,,0.50865757894641,0.6109922619134327,1.0,
elastic_net,Linear,0.08401319356419484,0.059120755456370244,-0.005801068300021361,0.5283092541975791,2561,,0.50865757894641,0.6109922619134327,1.0,
lag_one_linear,Linear,0.0840229269701843,0.05913881676818221,-0.006034137341515811,0.5275283092541976,2561,,0.5354200939047854,0.592359398405613,1.0,
auto_arima,Statistical,0.08421415068386864,0.05915950137107335,-0.01061851691974769,0.5072237407262788,2561,,1.7427286777958388,0.08138101981609025,0.5696671387126317,
lightgbm,Gradient boosting,0.08635070518881047,0.06097709954984441,-0.06254879320704454,0.4545099570480281,2561,,4.693307658826469,2.688227366487439e-06,2.688227366487439e-05,
transformer,Deep learning,0.09411885776766794,0.06553214798366368,-0.26232272584418315,0.48887153455681376,2561,,4.549656132770505,5.373365200567193e-06,4.8360286805104735e-05,
xgboost,Gradient boosting,0.09518337458786194,0.06832301745474297,-0.29103881999688874,0.4697383834439672,2561,,6.504491723924138,7.795653012010462e-11,1.403217542161883e-09,
prophet,Statistical,0.09588104101059113,0.07063394295016753,-0.310034057901569,0.49238578680203043,2561,,5.679529058013486,1.3506610496705207e-08,1.890925469538729e-07,
holt_winters,Statistical,0.09961281181217756,0.07265124641108901,-0.4139937951851993,0.5435376805935181,2561,,5.040615566493557,4.6403680165063577e-07,5.568441619807629e-06,
adaboost,Tree ensemble,0.1000533930887821,0.07111454298311926,-0.4265294696463582,0.4857477547832878,2561,,5.925937675121407,3.1052034277223584e-09,4.760610039511448e-08,
extra_trees,Tree ensemble,0.10508167302841648,0.07486465286226122,-0.5735156346884414,0.47793830534947285,2561,,6.795833538762186,1.0768719249654168e-11,2.1537438499308337e-10,
svr,Kernel / instance,0.11244327895952357,0.08432846995820217,-0.8017067612541187,0.4588051542366263,2561,,9.056761689935081,0.0,0.0,
lstm_attention,Deep learning,0.11399628101844,0.08277016244026213,-0.851818726972053,0.4783287778211636,2561,,7.133556840853827,9.78106484694763e-13,2.2496449147979547e-11,
knn,Kernel / instance,0.11922463912015656,0.0868317609668704,-1.025578777950546,0.4919953143303397,2561,,9.356133970311829,0.0,0.0,
random_forest,Tree ensemble,0.11960063825162813,0.0852725963279861,-1.0383750727780776,0.4912143693869582,2561,,7.7318526249565815,1.0658141036401503e-14,2.6645352591003757e-13,
cnn_lstm,Deep learning,0.13011107757459237,0.08811666922121984,-1.4123796293387811,0.4826239750097618,2561,,6.866315099895781,6.588063428125679e-12,1.3834933199063926e-10,
gradient_boosting,Gradient boosting,0.13121863094201366,0.09285849348386774,-1.453624557458788,0.48340491995314333,2561,,7.915198505314449,2.4424906541753444e-15,7.083222897108499e-14,
bilstm,Deep learning,0.14443417792699986,0.09958373586578706,-1.9727408631295216,0.49043342444357674,2561,,6.678172525024675,2.419398015263141e-11,4.596856228999968e-10,
tcn,Deep learning,0.1445335534591979,0.08810585981246667,-1.976832960141731,0.4673955486138227,2561,,4.775065220862215,1.7964902170319874e-06,1.976139238735186e-05,
lstm,Deep learning,0.15026722395400854,0.10545154475902943,-2.2177006019317207,0.4740335806325654,2561,,7.8867514295444865,3.1086244689504383e-15,8.393286066166183e-14,
bayesian_ridge,Linear,0.15815452971961305,0.09331035671174165,-2.56435026684635,0.4939476766887934,2561,,4.516826850474412,6.277319315683982e-06,5.021855452547186e-05,
cnn1d,Deep learning,0.15985549940929444,0.11502340670614655,-2.6414325369930904,0.4806716126513081,2561,,7.901487047578554,2.6645352591003757e-15,7.460698725481052e-14,
rnn,Deep learning,0.16551086704992507,0.115009837607631,-2.9036433547874565,0.4697383834439672,2561,,7.482837356652146,7.283063041541027e-14,1.7479351299698465e-12,
gru,Deep learning,0.1766957502293314,0.11787620447892813,-3.4490707668368845,0.5060523233112065,2561,,6.914999838858754,4.678701870375335e-12,1.0293144114825736e-10,
decision_tree,Tree ensemble,0.1812746263857127,0.12889638197188016,-3.682644010149704,0.4458772958186792,2559,,9.02109767244346,0.0,0.0,
huber,Linear,0.22432745799350257,0.12199779208637757,-6.171037198347699,0.4841858648965248,2561,,5.125898264457237,2.961224840891674e-07,3.849592293159176e-06,
ridge,Linear,0.22956409925476753,0.13043249889450947,-6.509742530041911,0.4931667317454119,2561,,5.932950743349386,2.975381274694655e-09,4.760610039511448e-08,
linear,Linear,0.28239287106876837,0.1513330947560081,-10.36382567555395,0.4841858648965248,2561,,6.257547474609858,3.910787249594705e-10,6.648338324310998e-09,
mlp,Deep learning,0.45915524991684553,0.28505934633069674,-29.042509960923493,0.49238578680203043,2561,,7.748789408819787,9.325873406851315e-15,2.424727085781342e-13,
