,seconds
naive_zero,0.0621945858001709
mean_return,0.044535160064697266
buy_and_hold,0.040181875228881836
lag_one_linear,0.18723368644714355
auto_arima,41.28051018714905
holt_winters,1.3738453388214111
prophet,8.751497030258179
xgboost,4.798724889755249
lightgbm,3.9726977348327637
catboost,8.37273097038269
linear,0.3800675868988037
ridge,0.22820091247558594
lasso,0.22179412841796875
elastic_net,0.23096799850463867
bayesian_ridge,0.5828349590301514
huber,1.8828418254852295
knn,0.4333667755126953
svr,0.3558833599090576
decision_tree,3.476104736328125
random_forest,197.64417695999146
extra_trees,56.03521728515625
gradient_boosting,40.51498866081238
adaboost,11.842416763305664
mlp,41.64421272277832
rnn,67.49356722831726
lstm,70.67549514770508
gru,247.94691967964172
bilstm,109.20379161834717
cnn1d,46.4295551776886
cnn_lstm,60.73056435585022
lstm_attention,41.09689378738403
transformer,1294.4939489364624
tcn,44.45758628845215
